"conversation_id_str","created_at","favorite_count","full_text","id_str","image_url","in_reply_to_screen_name","lang","location","quote_count","reply_count","retweet_count","tweet_url","user_id_str","username"
"1752737391788306565","Wed Jan 31 16:55:33 +0000 2024","428","ÿ•ÿ≥ÿπÿßÿØŸä ÿ®ŸÖŸÇÿØŸàÿ±ŸÉ Ô∏è https://t.co/tXito6Goah","1752737391788306565","https://pbs.twimg.com/amplify_video_thumb/1752737323987427328/img/wauxU8oiroBher-T.jpg","","ar","","12","6","53","https://twitter.com/GorgeousSaham/status/1752737391788306565","1482908860994277379","GorgeousSaham"
"1753661539775832215","Sat Feb 03 06:07:47 +0000 2024","39","Buat yang suka nyari dividen saham nih mimin kasih tips sedikit https://t.co/IVFmVNMfBy","1753661539775832215","https://pbs.twimg.com/ext_tw_video_thumb/1753661263132119040/pu/img/lrAnaFbliWTuj4cN.jpg","","in","Jakarta","2","4","3","https://twitter.com/Stockbit/status/1753661539775832215","587189716","Stockbit"
"1753224475259392064","Fri Feb 02 01:20:17 +0000 2024","31","@Saham_fess semua sekuritas ada fee transaksinya. https://t.co/sNEYJbp5xz","1753226802489934265","https://pbs.twimg.com/media/GFS2emGaQAAQYdf.jpg","Saham_fess","in","","0","10","4","https://twitter.com/Maitsaham/status/1753226802489934265","1739524449043640320","Maitsaham"
"1751285503259746317","Sat Jan 27 16:46:15 +0000 2024","346","ŸÉŸÜÿ™ ÿ£ÿ≠ÿ®ŸÉ ÿ≠ÿ® ŸÜÿ≥ÿßŸÜŸä ÿßŸÑÿ≠Ÿäÿßÿ© ! https://t.co/IO5b1gQe3M","1751285503259746317","https://pbs.twimg.com/amplify_video_thumb/1751285421659570176/img/ue9k9Z5OIvrkwJy3.jpg","","ar","","5","3","49","https://twitter.com/GorgeousSaham/status/1751285503259746317","1482908860994277379","GorgeousSaham"
"1750897679817908349","Fri Jan 26 15:05:11 +0000 2024","2","Bitcoin Crypto Better BBCA ( Saham ) https://t.co/ExyrSjm5Uq","1750897679817908349","https://pbs.twimg.com/ext_tw_video_thumb/1750897597659910144/pu/img/Q4X7MQG5URlU8z-y.jpg","","en","Jakarta Pusat, DKI Jakarta","0","1","0","https://twitter.com/ardajiter1708/status/1750897679817908349","1055699639117078528","ardajiter1708"
"1753015466916749314","Thu Feb 01 11:20:31 +0000 2024","461","BENƒ∞M ORTA SAHAM GELƒ∞YOR https://t.co/lhRBahNY4P","1753015466916749314","https://pbs.twimg.com/ext_tw_video_thumb/1753012509731106817/pu/img/jrIrQcTeW0bsUTTG.jpg","","tr","üáπüá∑","2","16","4","https://twitter.com/gelismevar/status/1753015466916749314","1372558663781613574","gelismevar"
"1752814534719348858","Wed Jan 31 22:02:05 +0000 2024","18","Ph punya pentaksub is so disgusting before anwar menang azam baki is the most hated person ever cerita saham adik dia dijaja almost everyday Now?","1752814534719348858","","","en"," Bayt Harapan ,Malizye","0","1","8","https://twitter.com/kimimpossibler/status/1752814534719348858","1166517458","kimimpossibler"
"1752171792742162446","Tue Jan 30 03:28:03 +0000 2024","344","Bursa saham melonjak sejak Jerung didakwa. Its a good sign https://t.co/cKbaBqcMIS","1752171792742162446","https://pbs.twimg.com/media/GFD29Kgb0AAJjsw.jpg","","in","","0","19","77","https://twitter.com/lady_bugg11/status/1752171792742162446","1235099759230234625","lady_bugg11"
"1753164677679403227","Thu Feb 01 21:13:26 +0000 2024","119","#ÿßŸÑÿ≠ÿ∏_ÿ∑ÿßŸäÿ≠ | #Fahad2024 ÿ∫ŸÜÿßÿ° | @fahadalamri999 ŸÉŸÑŸÖÿßÿ™ | @khalafAlkhalaf1 ÿßŸÑÿ≠ÿßŸÜ | #ÿ≥ŸáŸÖ ÿ™Ÿàÿ≤Ÿäÿπ | @KhaledEzz__ ŸÖŸÉÿ≥ | @jassimmohd2 https://t.co/dpza5nDZ2w https://t.co/9YrQ1MC4ZZ","1753164677679403227","https://pbs.twimg.com/amplify_video_thumb/1753164617134612480/img/NY2sgOLj04xymdUy.jpg","","ar","","6","16","18","https://twitter.com/SahamTunes/status/1753164677679403227","1054072389343031297","SahamTunes"
"1750795793425129742","Fri Jan 26 08:20:20 +0000 2024","11","Joki bab 4 &amp; 5 kuantitatif yang paham tentang saham syariah #zonauang","1750795793425129742","","","in","","4","71","2","https://twitter.com/chewnil/status/1750795793425129742","1946201977","chewnil"
"1751527063348204026","Sun Jan 28 08:46:08 +0000 2024","1159","Terpantau saham jypent 5 hari merah terus. Apalagi tanggal 25 itu terjun abis. Jyp fandom bener bener serius soal boikot ini i guess? Thank you so much untuk partisipasinya fams aku lihat jyp juga mulai aware soal boycotting ini meski ada kecolongan kemarin- https://t.co/TPdk3MWPXp","1751527063348204026","https://pbs.twimg.com/media/GE6sk-eaAAAsiIW.jpg","","in","","133","6","395","https://twitter.com/smollrabbits/status/1751527063348204026","975043739134521344","smollrabbits"
"1751776806666191128","Mon Jan 29 11:14:27 +0000 2024","510","@Elz4m_ saham chiki ball : https://t.co/RPMWQRETgi","1751926774940995952","https://pbs.twimg.com/media/GFAYHRHawAATfUN.jpg","Elz4m_","in","","1","3","22","https://twitter.com/RidwanRijaludin/status/1751926774940995952","1737426121753563136","RidwanRijaludin"
"1751128861570633876","Sat Jan 27 17:34:23 +0000 2024","74","@profesor_saham Eh engga deh https://t.co/6WuVWsSkX6","1751297612836471059","https://pbs.twimg.com/media/GE3b5RrbkAAFPU8.jpg","profesor_saham","in","","0","4","3","https://twitter.com/bynmasca/status/1751297612836471059","884412438","bynmasca"
"1753751938368475581","Sat Feb 03 12:06:59 +0000 2024","8","Foolish one stop bilang gapunya duit tapi portofolio saham sampe 3 digit","1753751938368475581","","","in","","0","2","1","https://twitter.com/Fayysuf/status/1753751938368475581","1606616710337159168","Fayysuf"
"1750423659314028766","Thu Jan 25 07:41:36 +0000 2024","144","Akhir-akhir ini banyak yang meyakini Apple Store segera buka di Indonesia. Saya pesimistis hal itu terjadi. Mengapa? 1. Apple takkan mau menggandeng mitra lokal yang punya porsi saham minimal 51%. 2. Andai mau pun pasti ada yang berusaha menjegal Apple. Tahu dong siapa. ","1750423659314028766","","","in","Surabaya","4","29","32","https://twitter.com/herrysw/status/1750423659314028766","159051057","herrysw"
"1752573965024014621","Wed Jan 31 06:06:09 +0000 2024","783","Mungkin kita rasa Kering Poket bila bersedekah tapi tahukah anda kelebihan sedekah? -Memanjangkan UMUR -Mengundang datangnya REZEKI -Menolak BALA -Menyembuhkan PENYAKIT -Menambahkan PAHALA. YAKINLAH! Duit itu saham kita di Akhirat. Teruskan BERSEDEKAH.","1752573965024014621","","","in","Kuala Lumpur City","3","2","318","https://twitter.com/jentikhati/status/1752573965024014621","840516246449799168","jentikhati"
"1752308478318956752","Tue Jan 30 12:31:12 +0000 2024","1265","ngeri bgt klo hybe ngandelin duit idol nya bisa¬≤ 80% saham hybe dijual ke nagaswara kaya yg dilakuin agency nya ke hybe","1752308478318956752","","","in","","14","41","141","https://twitter.com/jmazeey/status/1752308478318956752","1467734555331219458","jmazeey"
"1753346376363352441","Fri Feb 02 09:15:26 +0000 2024","48","Waaau.... Cerdik nda terima uang cash tp kalau saham okelah. Sepertinya ada tim khusus yg mengelola saham dan aset¬≤ kekayaannya. https://t.co/VBeZ0f9OMs","1753346376363352441","https://pbs.twimg.com/media/GFUjPLNagAAVWWz.jpg","","in","","1","8","27","https://twitter.com/embah72/status/1753346376363352441","4146240312","embah72"
"1751631324262302087","Sun Jan 28 15:40:26 +0000 2024","404","nohh liat saham jype anjlok jadi merah saham agensi lain tetap stabil. kesell bangett bisa nya jype stan beneran sebaik ituuuuu Ya Allah. sisi positifnya JYPE STAN beneran mereka pure aware dengan genoside meskipun agensi ini dirugiin.","1751631324262302087","","","in","Stayville","6","2","114","https://twitter.com/ChoHyeka/status/1751631324262302087","1379075171835805700","ChoHyeka"
"1752890788558897578","Thu Feb 01 03:05:05 +0000 2024","142","Update kerja sama GOTO &amp; Tiktok ‚ÄºÔ∏è 1. Perusahaan umumkan bahwa para pihak telah menyelesaikan transaksi pada 31 Januari 2024 2. GOTO telah berhasil mencapai adjusted EBITDA positif pada 4Q23 melampaui target perusahaan 3. Rencana 'Buyback' Saham https://t.co/VwyjToQ5QH","1752890788558897578","https://pbs.twimg.com/media/GFOC6DFa4AA8zeL.png","","in","Jakarta","10","12","53","https://twitter.com/Stockbit/status/1752890788558897578","587189716","Stockbit"
"1751570673041117503","Sun Jan 28 12:03:41 +0000 2024","283","Alternatif saat ini ditaruh di 1. Emas 2. Crypto 3. Saham 4. Properti 5. Surat utang negara Misal kamu konservatif maka taruh di emas yang banyak. kalau agresif taruh di saham or crypto","1751576777959608818","","GabRey99","in","","5","5","40","https://twitter.com/GabRey99/status/1751576777959608818","1737320507052302336","GabRey99"
"1750885312057033178","Fri Jan 26 14:16:02 +0000 2024","13","Thank you my comfy hotel Sampai dikira punya saham disini hehe Day 1 red day https://t.co/igIoDNjzV5","1750885312057033178","https://pbs.twimg.com/media/GExk6XJaoAAeOYL.jpg","","en","in your mind","0","1","0","https://twitter.com/happygoluckysha/status/1750885312057033178","1452865672124325890","happygoluckysha"
"1751527063348204026","Sun Jan 28 10:48:47 +0000 2024","50","Ini perbandingannya diantara BIG4 cuma saham jyp yg merah selama masa boycotting. Salah satu cara kita tahu kalau perusahaan lagi profitable itu ya liat saham mereka lg ijo apa lg merah. Kalo merah berarti arus cuan mereka lg tersendat gt lho kasarnya. https://t.co/ckaPlIlwih","1751557930934215009","https://pbs.twimg.com/ext_tw_video_thumb/1751557904510160896/pu/img/TvP6uhO6vXp-knba.jpg","smollrabbits","in","","8","1","10","https://twitter.com/smollrabbits/status/1751557930934215009","975043739134521344","smollrabbits"
"1750782861828075625","Fri Jan 26 07:28:56 +0000 2024","17","Sepertinya makin menarik nih mencermati pergerakan pasar saham IHSG di tahun 2024 https://t.co/3KyYKLOqhd","1750782861828075625","https://pbs.twimg.com/media/GEwHiOCbAAAB7Fx.jpg","","in","Any City","2","5","6","https://twitter.com/desmondwira/status/1750782861828075625","201965045","desmondwira"
"1751045337588895829","Sat Jan 27 00:51:55 +0000 2024","5","Saham Disneyland vs Paddle Pop https://t.co/uaypQmQgmI","1751045337588895829","https://pbs.twimg.com/ext_tw_video_thumb/1751045298560897024/pu/img/OiTyTmF92KzrHsI0.jpg","","en","","0","0","0","https://twitter.com/girumon16/status/1751045337588895829","186397253","girumon16"
"1751140457659453774","Sat Jan 27 07:09:54 +0000 2024","1205","Oiya dia ngakunya bapak emaknya punya saham di dyandra. Aku jg punya. 500rb tapi ","1751140457659453774","","","in","HQ = ‚ù§Ô∏è","28","28","77","https://twitter.com/berryzennie_s1/status/1751140457659453774","1525528566007332864","berryzennie_s1"
"1750398562700296343","Thu Jan 25 06:09:13 +0000 2024","0","@Saham_fess 36K an nder","1750400412166058002","","Saham_fess","en","","0","1","0","https://twitter.com/ngguatel/status/1750400412166058002","1275799496136339459","ngguatel"
"1751764594425741425","Mon Jan 29 00:30:00 +0000 2024","1052","Fantastis! Keluarga Jokowi Kuasai 16.193 Lembar Saham di PT Rakabu Sejahtera Perusahaan Yang Disokong Luhut https://t.co/JPw8Yz02Rv","1751764594425741425","","","in","Indonesia","41","91","722","https://twitter.com/democrazymedia/status/1751764594425741425","1243804423001763841","democrazymedia"
"1750680764050764086","Fri Jan 26 00:43:14 +0000 2024","345","Kejatuhan tragis Index Hang Seng (bursa saham Hongkong yg notabene representasi saham2 big companies dari China mainland). Anjlok 40% dlm 5 thn. Invest 10 juta loss 4 juta. Properti hancur. Bursa saham kolaps. Rakyat lama2 bisa marah sama Partai Komunis China. https://t.co/jnC7i89HQV","1750680764050764086","https://pbs.twimg.com/media/GEuq4GuasAEWeOV.jpg","","in","","2","11","89","https://twitter.com/Strategi_Bisnis/status/1750680764050764086","190535830","Strategi_Bisnis"
"1751128861570633876","Sat Jan 27 17:11:13 +0000 2024","130","@profesor_saham capres ada gasi yg visi misinya ilangin boti","1751291784960057472","","profesor_saham","in","","21","8","29","https://twitter.com/syahrungann/status/1751291784960057472","1222575753734148097","syahrungann"
"1752906724095483949","Thu Feb 01 04:08:25 +0000 2024","165","Tahun 2020 Saya dilarang beli saham BBHI oleh mentor saham (Legend di Stockbit) BBHI Terbang 60X Setelah itu Saya ditentang beli DOGE oleh mentor saya di crypto DOGE Terbang 100x Setelah itu Setiap mentor memiliki blindspot yang tidak disadari cari berbagai sudut pandang","1752906724095483949","","","in","Indonesia","0","21","14","https://twitter.com/PaceCrypto/status/1752906724095483949","1392512018490413061","PaceCrypto"
"1753292254650007735","Fri Feb 02 05:40:22 +0000 2024","778","Korang. Family mart pemegang saham terbesar dia Itochu Corp Japan. Itochu Corp ada Itochu Aviation yg ada hubungan dengan Elbit Systems. Elbit Systems company weapon Israel. Selamat jalan Family Mart. Rupanya antara penyumbang terbesar Isra*l","1753292254650007735","","","in","Kuala Lumpur City","16","3","875","https://twitter.com/z_aqayy/status/1753292254650007735","763532353587122176","z_aqayy"
"1752836803256832006","Wed Jan 31 23:30:34 +0000 2024","487","CTOS untung RM56.28 juta - meningkat 4 kali ganda dan tertinggi dalam sejarah. FYI CTOS adalah public listed company dan saham boleh dibeli oleh orang awam. https://t.co/C8gdJbutzZ","1752836803256832006","https://pbs.twimg.com/media/GFNTyJjaEAA9OFe.jpg","","in","","4","7","176","https://twitter.com/najibfazail/status/1752836803256832006","3091691746","najibfazail"
"1750800770063323138","Fri Jan 26 08:40:06 +0000 2024","217","ingat kata2 mbah. org saham yg ngata-ngatain trading crypto besok pasti buka kelas crypto. https://t.co/nvw9ayUE32","1750800770063323138","https://pbs.twimg.com/media/GEwYBCmaEAABSu2.jpg","","in","œï","4","32","8","https://twitter.com/MbahZaid/status/1750800770063323138","1722396780028207104","MbahZaid"
"1752693796616458739","Thu Feb 01 04:42:59 +0000 2024","601","@profesor_saham Yg nguploud ini kayanya dia gapernah dpt dosen yg killer bgt. Omongan sumpah serapah dari mulutnya ngebuang berkas ngusir / dia yg keluar. Semoga ini org yg nguploud kalau blm lulus ketemu dosen kriteria diatas. Jadi tau apa yg dilakukan lunamaya belum ada apapanya","1752915424310899160","","profesor_saham","in","","5","9","16","https://twitter.com/BaygonvsHit/status/1752915424310899160","2920449199","BaygonvsHit"
"1753224475259392064","Fri Feb 02 01:38:52 +0000 2024","18","@Saham_fess tidak pro kelas menengah https://t.co/zcwSsqxvKp","1753231476882354579","https://pbs.twimg.com/media/GFS6uxiaUAAFY3a.jpg","Saham_fess","in","Wkwkland","1","2","3","https://twitter.com/deeotherprsn/status/1753231476882354579","1677198774719115264","deeotherprsn"
"1752514192484303273","Wed Jan 31 02:08:38 +0000 2024","42","gamau lagi masuk shm! $SMGA emang udah paling bener saham perbankan saja ","1752514192484303273","","","in","Sukses Finansial","9","44","3","https://twitter.com/Saham_fess/status/1752514192484303273","1336580251493646343","Saham_fess"
"1750705195116618135","Fri Jan 26 02:20:19 +0000 2024","165","chris lee ngejual semua saham sm yang dia pegang dengan 'alasan pribadi'. apa tandanya mau resign? bisa jadi iya bisa jadi sekedar transaksi jual biasa tinggal liat ada pembelian baru atau ngga? bener resign ga? tapiii.. https://t.co/Y33xKnFB2G https://t.co/abUJZwnw24 https://t.co/tzU4btddky","1750705195116618135","https://pbs.twimg.com/media/GEvBFyJbEAAnHqe.jpg","","in","kwangya, kdrama & kshow","10","13","41","https://twitter.com/termatcha/status/1750705195116618135","1347234264056688641","termatcha"
"1752940369862656098","Thu Feb 01 06:22:06 +0000 2024","47","offering keroyokan kalian ikut shm! yang mana? https://t.co/IGo1pRRllC","1752940369862656098","https://pbs.twimg.com/media/GFOx-h9bAAAUerD.jpg","","in","Sukses Finansial","3","10","7","https://twitter.com/Saham_fess/status/1752940369862656098","1336580251493646343","Saham_fess"
"1752975262231503125","Thu Feb 01 08:40:45 +0000 2024","47","Tahu tak melabur dalam saham Apple Tesla dan Amazon ni seolah-olah seperti kita mintak Tim Cook Elon Musk dan Jeff Bezos sendiri laburkan duit kita. What? Yes basically merekalah fund manager kita. Let me explain why dan bagaimana kita boleh ukur performance mereka. https://t.co/8ldbaQrlDw","1752975262231503125","https://pbs.twimg.com/media/GFPJfYIaMAAWfI9.png","","in","Trainer at ‚Üí","0","1","19","https://twitter.com/NasrudinFaqrul/status/1752975262231503125","1318024453884833794","NasrudinFaqrul"
"1750781903240614114","Fri Jan 26 07:25:08 +0000 2024","5","saham begini mssuk lq 45... jangan jangan untuk dana pemilu... @ojkindonesia yg bener saja.... padahal di dalam ojk banyak otg pintat lho.... https://t.co/QoNLQxuB8e","1750781903240614114","https://pbs.twimg.com/media/GEwG3KLaMAAzUZh.jpg","","in","jakarta","0","4","3","https://twitter.com/Ddarwin889/status/1750781903240614114","1453409431","Ddarwin889"
"1751516261715173751","Sun Jan 28 08:03:13 +0000 2024","78","GILA AURA NYA BAU SAHAM BANGET @kristtps Krist in FukuokaDay2 #GMMTVFANTIMEinFukuokaDay2 #GMMTVFANTIMExKRIST #KristPerawat https://t.co/lckhOLOzVI","1751516261715173751","https://pbs.twimg.com/media/GE6iwE0bcAACotZ.jpg","","in","peraya as one","0","2","74","https://twitter.com/afhprchya/status/1751516261715173751","1297411873495592961","afhprchya"
"1753398197048008797","Fri Feb 02 12:41:21 +0000 2024","50","Tahukah kamu? Pemegang saham PT pada dasarnya memiliki tanggung jawab yang terbatas. Namun pada kondisi tertentu tanggung jawab terbatas pemegang saham bisa hilang. Apa saja yang menyebabkan tanggung jawab terbatas hilang? Simak penjelasannya pada infografis berikut yuk! https://t.co/AXSa1FXSvU","1753398197048008797","https://pbs.twimg.com/media/GFVSUlIbMAEg-QJ.jpg","","in","Jakarta Selatan, DKI Jakarta","0","0","10","https://twitter.com/klinikhukum/status/1753398197048008797","81066525","klinikhukum"
"1753480834118512681","Fri Feb 02 18:09:43 +0000 2024","18","Tomorrow we will be having the 4th iteration of Smash @ Saham s at 5PM Kuwait time. Featuring some of Kuwait s best talent Divine Starmod soudsamus RKB Saham Zash and more! Pull through to the stream tomorrow at https://t.co/n2uH95s2Iq Bracket : https://t.co/75JoJ6wdjl","1753480834118512681","","","en","Kuwait","1","0","8","https://twitter.com/soudsamus/status/1753480834118512681","3312503670","soudsamus"
"1752671120158064883","Wed Jan 31 12:46:28 +0000 2024","24","@Saham_fess Kurang lebih begini ilustrasinya. https://t.co/SMERFKqGZL","1752674708078874785","https://pbs.twimg.com/media/GFLAToNaMAAty7Z.jpg","Saham_fess","in","Jakarta","0","0","5","https://twitter.com/sfhawal/status/1752674708078874785","99679116","sfhawal"
"1751128861570633876","Sat Jan 27 14:48:21 +0000 2024","54","@profesor_saham ntu mah modus doang biar dielus ama yang cardigan item","1751255831004541340","","profesor_saham","in","el gatjor place","1","6","5","https://twitter.com/thekingslayerr_/status/1751255831004541340","2959112335","thekingslayerr_"
"1751128861570633876","Sat Jan 27 09:12:16 +0000 2024","76","@profesor_saham penampakan yg biasa bilang all-in.. di tiktok","1751171252432326858","","profesor_saham","in","Indonesia","0","5","7","https://twitter.com/bs_vecx/status/1751171252432326858","1067543512093155328","bs_vecx"
"1751128861570633876","Sat Jan 27 07:31:47 +0000 2024","179","@profesor_saham Hmmm dia butuh program wajib punk biarkab mas mas dan mbak nbak pang yg mendewasakannya","1751145964134609236","","profesor_saham","in","indonesia","3","12","15","https://twitter.com/morethan_lifee/status/1751145964134609236","508371923","morethan_lifee"
"1750776364771475677","Fri Jan 26 07:13:44 +0000 2024","2744","Tak hanya Luhut Bahlil juga memiliki bisnis tambang nikel melalui PT Meta Mineral Pradana. Perusahaan ini memiliki dua izin tambang nikel di Konawe Utara Sulawesi Tenggara. Pemegang saham perusahaan ini antara lain PT Rifa Capital sebesar 10% dan PT Bersama Papua Unggul https://t.co/tZt78K0UaW","1750779033158357242","https://pbs.twimg.com/media/GEwDBy_asAAgMJf.jpg","jatamnas","in","Indonesia","136","108","1541","https://twitter.com/jatamnas/status/1750779033158357242","165334272","jatamnas"
"1751749051349905836","Sun Jan 28 23:28:14 +0000 2024","17","ÿßŸÑÿßÿÆ ŸàÿßŸÑÿ≤ŸÖŸäŸÑ ÿßŸÑÿ¥ÿßÿπÿ± ÿßŸÑÿßÿπŸÑÿßŸÖŸä / ÿπÿ®ÿØÿßŸÑŸÉÿ±ŸäŸÖ ÿßŸÑŸäŸàÿ≥ŸÅ ŸÇÿßŸÖÿ© ÿßÿπŸÑÿßŸÖŸäÿ© ÿ™ŸÖÿ™ÿßÿ≤ ÿ®ÿßŸÑŸÖŸáŸÜŸäÿ© ŸàÿßŸÑÿßÿ≠ÿ™ÿ±ÿßŸÅŸäÿ© ÿßŸÑÿπÿßŸÑŸäÿ© ÿ¥ÿßÿ±ŸÉ ÿ®ÿßŸÑÿπÿØŸäÿØ ŸÖŸÜ ÿßŸÑŸÅÿπÿßŸÑŸäÿßÿ™ ÿßŸÑŸàÿ∑ŸÜŸäÿ© ŸàŸÖÿ´ŸÑ ÿßŸÑŸÇÿµŸäŸÖ ÿÆŸäÿ± ÿ™ŸÖÿ´ŸäŸÑ ŸÅŸä ÿßŸÑÿπÿØŸäÿØ ŸÖŸÜ ÿßŸÑŸÖŸÜÿßÿ≥ÿ®ÿßÿ™ ŸàŸÖÿßÿ≤ÿßŸÑ ÿßÿ®ÿß ŸÖÿ≠ŸÖÿØ Ÿäÿ™ÿØŸÅŸÇ ÿπÿ∑ÿßÿ° Ÿäÿ≠ŸÇ ŸÑŸÜÿß ÿßŸÜ ŸÅÿÆÿ± ÿ®ŸÉ #ÿßŸÑŸÇÿµŸäŸÖ #ÿßŸÑŸÇÿµŸäŸÖ_ÿßŸÑÿßŸÜ #ÿßŸÑÿ≥ÿπŸàÿØŸäÿ© #ÿ™ÿ±ÿßÿ´ #ÿ™ÿ±ÿßÿ´ŸÜÿß https://t.co/10bllvlrBC","1751749051349905836","https://pbs.twimg.com/media/GE92ebuWcAAM4IH.jpg","","ar","ÿßŸÑŸÖŸÖŸÑŸÉÿ© ÿßŸÑÿπÿ±ÿ®Ÿäÿ© ÿßŸÑÿ≥ÿπŸàÿØŸäÿ©","1","26","20","https://twitter.com/saham15/status/1751749051349905836","494268159","saham15"
"1752586632438673868","Wed Jan 31 06:56:29 +0000 2024","158","Jaringan Pi telah berhasil! Jangan lewatkan. Inilah yang ingin saya lihat. Aplikasi yang terhubung ke pasar saham tempat kita dapat membeli saham perusahaan menggunakan koin Pi Apakah ini Benar Kita tunggu saat Open Minet yg kira-kira Sebentar lagi #PiNetwork #Pinetworkberita https://t.co/KFwIlOOGI6","1752586632438673868","https://pbs.twimg.com/media/GFJwQHobgAAsWsy.jpg","","in","Indonesia","1","15","19","https://twitter.com/MyYunieyusuf519/status/1752586632438673868","1547505451587506176","MyYunieyusuf519"
"1751858739500798240","Mon Jan 29 06:44:06 +0000 2024","7694","Resort mewah di PD dia punya rupanya yang lain anda tengok sendirilah. Bagaimana dengan bank2 di luar negara? BERIKUT ADALAH HARTA DAIM BANK AKAUN 1. Amanah Saham Nasional Berhad (ASB) dan Amanah Saham Nasional (ASN) KENDERAAN 1. Mercedes Benz 600 SEL 2. Jaguar XJS HE 3. https://t.co/j6J0IKrIie","1751858739500798240","https://pbs.twimg.com/media/GE_aPHya4AAdo-Z.jpg","","in","","1245","431","5131","https://twitter.com/lady_bugg11/status/1751858739500798240","1235099759230234625","lady_bugg11"
"1753402456552206582","Fri Feb 02 12:58:16 +0000 2024","31","vibes semua anak tunggal kaya raya keluarga konglo yang lagi kumpul ngomongin saham https://t.co/9O2QA0AqW6","1753402456552206582","https://pbs.twimg.com/ext_tw_video_thumb/1753400774972035072/pu/img/WJewE_TkL4eH68qD.jpg","","in","istana ratu merah","0","1","9","https://twitter.com/sanctuarydw/status/1753402456552206582","1486984027068268545","sanctuarydw"
"1751171289644171492","Sat Jan 27 09:12:25 +0000 2024","1","MY STOCKS PICK: NASDAQ (NASDAQ STOCK EXCHANGE) DISCLAIMER: THIS ISN'T A BUY CALL. IT'S MY LISTING. DO YOUR OWN ANALYSIS. TRADE AT YOUR OWN RISK. https://t.co/qS8kWpZrJO #NASDAQStockExchange #NASDAQ #Stock #Exchange #USA #America #NewYork #equity #market #trading #trade #saham https://t.co/bbcl3GjbHe","1751171289644171492","https://pbs.twimg.com/ext_tw_video_thumb/1751169952890212352/pu/img/2IKDlS2vWNbkelq9.jpg","","en","","0","0","0","https://twitter.com/niaga_pasar/status/1751171289644171492","1616792622009548801","niaga_pasar"
"1750742752223224312","Fri Jan 26 04:49:34 +0000 2024","9","Belajar main saham ternyata nggak seburuk itu https://t.co/Coqz3Md3Y7","1750742752223224312","https://pbs.twimg.com/media/GEvjQR_aQAALOfp.jpg","","in","","1","5","0","https://twitter.com/convomfs/status/1750742752223224312","1284061445148209154","convomfs"
"1752648341245268246","Wed Jan 31 11:01:41 +0000 2024","5430","Ozempic ini benar2 lagi happening di amrik. Mega best seller. Obat pengurus badan yg terbukti valid scra saintifik. Pil ajaib bagi yg mau turun badan dg cepat. Yg bkin Novo Nordisk - produsen insulin terbesar dunia dari Denmark. Saham Novo Nordisk meroket gara2 Ozempic. https://t.co/kh7iC9dsvQ","1752648341245268246","https://pbs.twimg.com/media/GFKoYOQaoAARkC5.jpg","","in","","557","217","1121","https://twitter.com/Strategi_Bisnis/status/1752648341245268246","190535830","Strategi_Bisnis"
"1752922019728130105","Thu Feb 01 05:09:11 +0000 2024","33","Prestasi ringgit (vs USD) dan saham Msia as at 31 Jan 2024. Ringgit ke-4 lemah (after yen won baht) down hampir 3%. Tapi saham KLCI naik 4% second only to Japan. Can t have both our way. https://t.co/09aEZsluMa","1752922019728130105","https://pbs.twimg.com/media/GFOhSJ9aMAAZBAZ.jpg","","in","Kuala Lumpur","2","1","18","https://twitter.com/azha_nordin/status/1752922019728130105","1479483912338374659","azha_nordin"
"1753778368989081963","Sat Feb 03 19:32:15 +0000 2024","114","@erickthohir @ridwankamil Jadi ingat kata Abang nya yg kata nya konglomerat mendukung Paslon 02 Besok nya saham nya ambruk Kalau gw sih percaya dengan Ahok https://t.co/d6RJnTGntM","1753863990927638720","","erickthohir","in","Central Java, Indonesia","0","4","7","https://twitter.com/Aryprasetyo85/status/1753863990927638720","435004096","Aryprasetyo85"
"1751246360899395676","Sat Jan 27 14:10:43 +0000 2024","0","SAHAM COFFEE SHOP.","1751246360899395676","","","en","Chrononauts: 04.","0","0","0","https://twitter.com/laenadine/status/1751246360899395676","1709033528984514560","laenadine"
"1751128861570633876","Sat Jan 27 12:56:55 +0000 2024","0","@profesor_saham tolol","1751227788764602595","","profesor_saham","en","Jakarta Pusat, DKI Jakarta","0","0","0","https://twitter.com/cubakboy/status/1751227788764602595","538653083","cubakboy"
"1751246292309999969","Sat Jan 27 14:10:27 +0000 2024","0","((SAHAM COFFEE SHOP))","1751246292309999969","","","en","ùë∫he‚Äôs a captivating muse, a symphony of grace draped in confidence, an artistry that breathes life into each click of the camera.","0","0","0","https://twitter.com/guinevas/status/1751246292309999969","1446241196","guinevas"
"1752860352742900031","Thu Feb 01 01:04:09 +0000 2024","78","Dalam saham selain daripada capital gain banyak syarikat yang bagi pulangan dalam bentuk dividen. Imagine lepas bersara dapat dividen as passive income. Paling penting strategi kena betul. Aku cadangkan beli buku ni until belajar: https://t.co/rjiXQ5Ewkr #bukunajib","1752860352742900031","","","in","","1","3","22","https://twitter.com/najibfazail/status/1752860352742900031","3091691746","najibfazail"
"1750874872908230998","Fri Jan 26 19:48:25 +0000 2024","211","@matchal4tt3 ehhh family dia tu kenapa nak komplot. Rasa dia salah dtg minta maaf hulur lah berapa yg mampu utk tolong. Kalau takda show support dia perangai kalah apa ni jangan support makcik pakcik. Saham dosa. Korang kan suka forward benda fb ws..takda ke yg bgtau pasal dosa subahat?","1750968955680739538","","matchal4tt3","in","","0","0","13","https://twitter.com/ilusinetra/status/1750968955680739538","1588039603335925760","ilusinetra"
"1753111341513298089","Thu Feb 01 17:41:29 +0000 2024","0","Price action discount everything! #trading #saham #forex #stocks https://t.co/rlwL9aRkCI","1753111341513298089","https://pbs.twimg.com/media/GFRNeWzaYAAIwCB.jpg","","en","","0","0","0","https://twitter.com/werdhitemaja/status/1753111341513298089","1230640869276934144","werdhitemaja"
"1753660399063625769","Sat Feb 03 07:16:12 +0000 2024","3","@kurawa Apa anda tahu &amp; berfikir akibat pembagunan yg terkesan dipaksakan tsb telah mengorbankan BUMN Karya!? Indikatornya Saham BUMN di BEJ pada Nyungsep. WSKT WIKA &amp; WSBP di suspen ber-bulan karena gagal bayar kemungkinan yg lain nyusul! BUMN TIDAK BAIK SAJA! https://t.co/yMADvZ4mIT","1753678759126012248","https://pbs.twimg.com/media/GFZRiaLaUAAX0N-.jpg","kurawa","in","","0","4","2","https://twitter.com/M475R4/status/1753678759126012248","1336619536238317570","M475R4"
"1753014078417895466","Thu Feb 01 11:15:00 +0000 2024","7","Harga Bitcoin (BTC) dan indeks saham AS melemah pada hari Kamis (2/1) pagi pasca The Fed mempertahankan laju suku bunga acuan pada level 5 25%-5 50%. Selengkapnya https://t.co/JisIQzpeWk","1753014078417895466","","","in","Jakarta Capital Region","0","2","0","https://twitter.com/Tokocrypto/status/1753014078417895466","948505518535991296","Tokocrypto"
"1750730068316561651","Fri Jan 26 03:59:09 +0000 2024","11","Harga saham turun bukannya justru kesempatan untuk dividen hunting bulan Maret nanti? Beberapa emiten sudah menyampaikan rencana RUPS Tahunan.","1750730068316561651","","","in","","1","6","5","https://twitter.com/KokoGiovanni/status/1750730068316561651","139982550","KokoGiovanni"
"1750398261415035185","Thu Jan 25 06:00:41 +0000 2024","19","Masih gak habis pikir... kenapa ngomongin saham agensi turun tapi acuannya kosqad yg tinggal search di internet... plis lahhh","1750398261415035185","","","in","VERY RANDOM ACCOUNT!","4","0","10","https://twitter.com/youthofmay_/status/1750398261415035185","1654008023285903360","youthofmay_"
"1750874496079401445","Fri Jan 26 13:46:59 +0000 2024","2","@profesor_saham Cuman telu persen cuk https://t.co/A76OHs2hHV","1750877999417954322","https://pbs.twimg.com/media/GExePSBbAAAOEll.jpg","profesor_saham","in","","0","1","0","https://twitter.com/drinvestrade/status/1750877999417954322","1186216900000239619","drinvestrade"
"1750731278629171524","Fri Jan 26 07:15:44 +0000 2024","1","@profesor_saham Go ahead","1750779537909273030","","profesor_saham","en","","0","0","0","https://twitter.com/trader_nubie/status/1750779537909273030","988243261725728768","trader_nubie"
"1750472344265740308","Thu Jan 25 10:55:03 +0000 2024","11","Awalnya sesumbar ngaku mendukung. Pas saham anjlok baru pada membantah. #AMINAjaDulu https://t.co/U7P3FJV1D5","1750472344265740308","https://pbs.twimg.com/media/GErtUbJaAAAz3fs.jpg","","in","","0","1","1","https://twitter.com/PAK_RT_007/status/1750472344265740308","1603308648041586689","PAK_RT_007"
"1753058416900063616","Thu Feb 01 14:11:11 +0000 2024","2","Saham $TLKM masih oke punya nih sepertinya https://t.co/uICBUnN4Ca","1753058416900063616","https://pbs.twimg.com/media/GFQdVK7W0AAwHNN.png","","in","","0","2","1","https://twitter.com/ngomonginsaham_/status/1753058416900063616","1585915000165912576","ngomonginsaham_"
"1753796955946242132","Sat Feb 03 15:05:52 +0000 2024","3","We are starting now! Smash @ Saham s #4 Featuring: Soudsamus Divine RKB Starmod Saham and more! Stream: https://t.co/zrG8vQWhXA Bracket: https://t.co/75JoJ6wdjl","1753796955946242132","","","en","Kuwait","0","0","1","https://twitter.com/soudsamus/status/1753796955946242132","3312503670","soudsamus"
"1752595438220562918","Wed Jan 31 07:31:28 +0000 2024","0","Bahas high dong deviden prof @profesor_saham","1752595438220562918","","","en","","0","1","0","https://twitter.com/drinvestrade/status/1752595438220562918","1186216900000239619","drinvestrade"
"1751128861570633876","Sat Jan 27 21:56:21 +0000 2024","0","@profesor_saham Micky","1751363542127919109","","profesor_saham","en","","0","0","0","https://twitter.com/keepbeingnice/status/1751363542127919109","1266304394481418241","keepbeingnice"
"1751198397657481218","Sat Jan 27 11:00:08 +0000 2024","5","ÿ≥ŸáŸÖ Ÿäÿ≠ŸÑ ŸÖÿ¥ÿßŸÉŸÑŸÉ #ÿ≥ŸáŸÖ_ŸÑŸÑÿ≥Ÿäÿßÿ±ÿßÿ™ https://t.co/JXFeoneP9I","1751198397657481218","https://pbs.twimg.com/media/GE2BqXRbMAAl6NH.jpg","","ar","Dammam, Saudi Arabia","0","0","4","https://twitter.com/SAHAMCompany/status/1751198397657481218","1098095173","SAHAMCompany"
"1751937806451220596","Mon Jan 29 11:58:17 +0000 2024","1123","Nampak tak majoriti syarikat dia adalah sdn bhd. Sbb tu cukai pd transaksi saham syarikat2 unlisted ni penting. It carries high values. Shareholders will be damn rich","1751937806451220596","","","in","kepong, kl","17","12","777","https://twitter.com/HannZiq/status/1751937806451220596","510485678","HannZiq"
"1751532334791479650","Sun Jan 28 09:07:05 +0000 2024","24","Asli ini mah kayak lagi rapat pemegang saham CAKEP BANGET LU PERAWAT Krist in FukuokaDay2 #GMMTVFANTIMEinFukuokaDay2 #GMMTVFANTIMExKRIST #KristPerawat https://t.co/EGsyQoXo9S","1751532334791479650","https://pbs.twimg.com/media/GE6xYDkbsAAWWK8.jpg","","in","peraya as one","0","0","19","https://twitter.com/afhprchya/status/1751532334791479650","1297411873495592961","afhprchya"
"1751510785334116366","Sun Jan 28 07:41:27 +0000 2024","15","Borak Bersama Maybank Highlights - Maybank IB Research's Top Stock Picks To wrap up our latest market outlook webinar our analysts shared with us their top picks going in 2024. Check out the video to find out what they are! #BorakBersamaMaybank https://t.co/Vzt0OXcPwV","1751510785334116366","https://pbs.twimg.com/ext_tw_video_thumb/1751510706430836737/pu/img/YfBo_ryVx3fjFzYe.jpg","","en","","0","1","0","https://twitter.com/azmi_radarsaham/status/1751510785334116366","1521097100","azmi_radarsaham"
"1750794248985956395","Fri Jan 26 08:14:11 +0000 2024","1","MY STOCKS PICK: PSE (PHILIPPINE STOCK EXCHANGE) DISCLAIMER: THIS ISN'T A BUY CALL. IT'S MY LISTING. DO YOUR OWN ANALYSIS. TRADE AT YOUR OWN RISK. https://t.co/qS8kWpZrJO #PSE #PhilippineStockExchange #Philippine #Stock #Exchange #Philippines #MetroManila #saham #syariah https://t.co/NO1QHJ8IY1","1750794248985956395","https://pbs.twimg.com/ext_tw_video_thumb/1750794178920067072/pu/img/7VTSjc_0QYMZMseT.jpg","","en","","0","0","0","https://twitter.com/niaga_pasar/status/1750794248985956395","1616792622009548801","niaga_pasar"
"1750471511352418434","Thu Jan 25 11:01:22 +0000 2024","0","@Saham_fess Hadir","1750473932451570064","","Saham_fess","en","Unlabeled.","0","0","0","https://twitter.com/fremnkie/status/1750473932451570064","753490071957835776","fremnkie"
"1751965250994507788","Mon Jan 29 13:47:20 +0000 2024","2","Gua emang bilang bakal lebih banyak nulis sih di tahun ini tapi napa gua malah kebanyakan nulis analisia saham ya https://t.co/sdksekH7zm","1751965250994507788","","","in","106.101.100.105","0","1","0","https://twitter.com/AquaReqia/status/1751965250994507788","1241569705439006720","AquaReqia"
"1750833099074875903","Fri Jan 26 10:48:34 +0000 2024","1","MY STOCKS PICK: IDX (BURSA EFEK INDONESIA (BEI)) DISCLAIMER: THIS ISN'T A BUY CALL. IT'S MY LISTING. DO YOUR OWN ANALYSIS. TRADE AT YOUR OWN RISK. https://t.co/qS8kWpZrJO #IDX #BEI #BursaEfekIndonesia #Bursa #Efek #Indonesia #Jakarta #saham #stock #equity #exchange #syariah https://t.co/ohUST83jEj","1750833099074875903","https://pbs.twimg.com/ext_tw_video_thumb/1750833032653844480/pu/img/MVVocIPexIVdm5B6.jpg","","en","","0","0","0","https://twitter.com/niaga_pasar/status/1750833099074875903","1616792622009548801","niaga_pasar"
"1751128861570633876","Sun Jan 28 04:59:04 +0000 2024","0","@profesor_saham Alay","1751469920100209063","","profesor_saham","en","","0","0","0","https://twitter.com/Anggoro1A/status/1751469920100209063","1399115135973662721","Anggoro1A"
"1750818988698009969","Fri Jan 26 09:52:30 +0000 2024","1","MY STOCKS PICK: MYX (BURSA MALAYSIA) DISCLAIMER: THIS ISN'T A BUY CALL. IT'S MY LISTING. DO YOUR OWN ANALYSIS. TRADE AT YOUR OWN RISK. https://t.co/qS8kWpZrJO #MYX #BME #BursaMalaysia #Bursa #Malaysia #KualaLumpur #stock #equity #saham #exchange #trade #market #syariah https://t.co/NRocEnZyp1","1750818988698009969","https://pbs.twimg.com/ext_tw_video_thumb/1750818860373344257/pu/img/rykFUkVwL1VUltMJ.jpg","","en","","0","0","0","https://twitter.com/niaga_pasar/status/1750818988698009969","1616792622009548801","niaga_pasar"
"1753808275454529808","Sat Feb 03 15:50:51 +0000 2024","115","Partai socmed kontol mana cok?","1753808275454529808","","","in","Always in your heart","0","11","20","https://twitter.com/profesor_saham/status/1753808275454529808","1345898259445817345","profesor_saham"
"1751128861570633876","Sat Jan 27 22:04:15 +0000 2024","1","@theoreticallie @profesor_saham agree","1751365530274201653","","theoreticallie","en","","0","0","0","https://twitter.com/leeale_/status/1751365530274201653","1151127450409037825","leeale_"
"1750731278629171524","Fri Jan 26 05:27:53 +0000 2024","1","@profesor_saham Prof ","1750752396484153824","","profesor_saham","en","","0","0","0","https://twitter.com/EvaMalca/status/1750752396484153824","1529472830","EvaMalca"
"1753103340794458504","Thu Feb 01 17:09:42 +0000 2024","64","ÿ¨ÿØŸäÿØ ÿßŸÑŸÖŸÑÿ≠ŸÜ ÿ≥ŸáŸÖ #ÿßŸÑÿ≠ÿ∏_ÿ∑ÿßŸäÿ≠ ÿ∂ŸÖŸÜ ÿ£ŸÑÿ®ŸàŸÖ ÿßŸÑŸÅŸÜÿßŸÜ ŸÅŸáÿØ ÿßŸÑÿπŸÖÿ±Ÿä #Fahad2024 ŸÉŸÑŸÖÿßÿ™ : ÿÆŸÑŸÅ ÿßŸÑÿÆŸÑŸÅ ÿ™Ÿàÿ≤Ÿäÿπ : ÿÆÿßŸÑÿØ ÿπÿ≤ : https://t.co/K8XjiUNDCZ https://t.co/1FFKRiVWkM","1753103340794458504","https://pbs.twimg.com/amplify_video_thumb/1753103103623393280/img/xgYJ9F0MyFZdTPfP.jpg","","ar","","7","0","12","https://twitter.com/GorgeousSaham/status/1753103340794458504","1482908860994277379","GorgeousSaham"
"1750774995129962761","Fri Jan 26 14:59:51 +0000 2024","0","@profesor_saham Ip Ching?","1750896339024859512","","profesor_saham","en","","0","0","0","https://twitter.com/millionnials_/status/1750896339024859512","1163829843986771975","millionnials_"
"1751128861570633876","Sat Jan 27 13:59:06 +0000 2024","0","@profesor_saham Tololllll","1751243438530654586","","profesor_saham","en","kng","0","0","1","https://twitter.com/sofyandi123/status/1751243438530654586","1473682315893161985","sofyandi123"
"1751923193886200264","Mon Jan 29 11:00:13 +0000 2024","4","ÿßÿ™ŸÇÿßŸÜ Ÿàÿ¨ŸàÿØÿ© ÿ™ÿØŸàŸÖ #ÿ≥ŸáŸÖ_ŸÑŸÑÿ≥Ÿäÿßÿ±ÿßÿ™ https://t.co/2L9tRJXubu","1751923193886200264","https://pbs.twimg.com/media/GFAU3GsbAAAlDfP.jpg","","ar","Dammam, Saudi Arabia","0","0","4","https://twitter.com/SAHAMCompany/status/1751923193886200264","1098095173","SAHAMCompany"
"1750390427004600682","Thu Jan 25 12:50:49 +0000 2024","0","@taufikjf @Saham_fess @itbofficial @Itjen_Kemdikbud @ojkindonesia @kemenpendidikan @nadiemmakarim well ... this is indonesia woi","1750501478299762778","","taufikjf","en","122","0","0","0","https://twitter.com/kolooo_/status/1750501478299762778","1585277868136726529","kolooo_"
"1750816699409187183","Fri Jan 26 09:43:24 +0000 2024","16","Narasi anies itu aslinya jd Blunder semua cm ya gitu g ad yg garap krn aslinya bisa jd joke kyk papa minta saham 1.Orng pinter milih anies=jd yg g milih bodoh? sdng anies aja Angin ga ad ktpnya 2.Anies iman Mahdi 3. Ga milih anies di ragukan ke islamannya bnyk counternya https://t.co/YoOLWNRHCy","1750816699409187183","https://pbs.twimg.com/media/GEwmfyxbkAAnvCx.jpg","","in","","0","13","3","https://twitter.com/tekarok007/status/1750816699409187183","1184695438365974528","tekarok007"
"1751128861570633876","Sat Jan 27 19:26:04 +0000 2024","0","@profesor_saham https://t.co/Iphth4HNB2","1751325719089807613","https://pbs.twimg.com/media/GE31dTNaAAA44Yz.jpg","profesor_saham","qme","","0","0","0","https://twitter.com/Trisugaak/status/1751325719089807613","1734645951388844032","Trisugaak"
"1753988465438642640","Sun Feb 04 03:46:52 +0000 2024","0"," Amateurs look for challenges professionals look for easy trades. Losers get high from the actions the pros look for the best odds (probabilities/chances). ~ Excerpt from Come Into My Trading Room by Dr Alexander Elder #komunitisaham","1753988465438642640","","","en","Buka akaun Rakuten Tradeüëáüèº","0","0","0","https://twitter.com/komunitisaham/status/1753988465438642640","1243873830877052928","komunitisaham"
"1750705948338147427","Fri Jan 26 02:23:19 +0000 2024","7","Pasar saham IHSG ndelosor Mau gimana lagi. Yang biasanya menopang IHSG hari ini pada cuti massal (saham big bank PP EBT) https://t.co/y3tdwJt5sm","1750705948338147427","https://pbs.twimg.com/media/GEvBi-jbMAAukWk.jpg","","in","Any City","0","4","1","https://twitter.com/desmondwira/status/1750705948338147427","201965045","desmondwira"
"1750716022229999916","Fri Jan 26 03:03:21 +0000 2024","39","Ada lagi satu menteri berintegritas yg dibuang dari kabinet: Sudirman Said. Beliau adlh menteri ESDM yg gencar menghantam mafia migas. Ia adalah sosok yg membubarkan sarang mafia Petral dan melaporkan Setya Novanto si Papa Minta Saham ke MKD.","1750716022229999916","","","in","Indonesia","0","1","11","https://twitter.com/GradyNagara/status/1750716022229999916","380647278","GradyNagara"
"1750764406768566471","Fri Jan 26 06:15:36 +0000 2024","0","Mother of the North Queen of Dragons","1750764406768566471","","","en","San Angelo Texas/ CUU","0","0","0","https://twitter.com/saham_sahm/status/1750764406768566471","1580491037037953024","saham_sahm"
"1753825939375751547","Sat Feb 03 17:01:03 +0000 2024","31","Kalau dua putaran berarti makin OP dong petugas KPPS dapat 2 juta dua hari kerja","1753825939375751547","","","in","Always in your heart","0","7","3","https://twitter.com/profesor_saham/status/1753825939375751547","1345898259445817345","profesor_saham"
"1752772393678844342","Wed Jan 31 19:14:38 +0000 2024","1","Saham people are crazy ong","1752772393678844342","","","en","18","0","0","0","https://twitter.com/offshahla/status/1752772393678844342","1433470201929113605","offshahla"
"1750464512829071369","Thu Jan 25 10:23:56 +0000 2024","8","Setelah pernyataan Boy thohir yg mendukung 02 saham adaro anjlok 2%' . Klarifikasi Adaro Energy dan group djarum KOMPAK BANTAH dukung Prabowo' Hmmm efeck negatif dong? https://t.co/KTFvgQ5MjW","1750464512829071369","","","in","IndonesiaRaya ","0","1","3","https://twitter.com/QalbuBahasa/status/1750464512829071369","1227573267461853184","QalbuBahasa"
"1753026106662531109","Thu Feb 01 12:02:48 +0000 2024","67","yuhuu~ aku bakal update persidangan manipulasi harga saham sm. ini lebih ke kakao vs hybe.. inget kan dari banyaknya pelaku yang dipenjara siapa? cuma bapak ini bae jaehyun (bukan bae joohyun) kepala investasinya kakao. tapi ditahannya cuma 6bln njir awokwok bentar amat https://t.co/MxZzpcnDwN","1753026106662531109","https://pbs.twimg.com/media/GFP_83HbIAAanB0.jpg","","in","kwangya, kdrama & kshow","0","2","18","https://twitter.com/termatcha/status/1753026106662531109","1347234264056688641","termatcha"
"1753439641880187023","Fri Feb 02 15:26:02 +0000 2024","6","What are five topics you can talk about for 30 minutes with zero prep? 1. Taylor Swift 2. Math vs Statistics vs Actuary 3. Kartu kredit Investasi Saham &amp; Reksadana 4. Public transportation 5. Seoul ","1753439641880187023","","","en","Midnight","0","1","0","https://twitter.com/likelihoodrat1o/status/1753439641880187023","1458968310951792640","likelihoodrat1o"
"1752479740819316880","Tue Jan 30 23:51:44 +0000 2024","7","Good one https://t.co/hA0tjCfo5U","1752479740819316880","https://pbs.twimg.com/media/GFIPCNubAAAxiiU.jpg","","en","Trade saham US dgn M+ Online:","0","0","2","https://twitter.com/majusaham/status/1752479740819316880","1226404030244458497","majusaham"
"1753004333350940925","Thu Feb 01 10:36:16 +0000 2024","18","Ekonomi gig yg selalu dipuja-puji sebagai ekonomi masa depan dan pembawa kesejahteraan tak seindah yg dituturkan oleh para spekulan saham atau majikan. Nasib ojol seperti yang diwartakan banyak media menghadapi kondisi kerja yg buruk dan menerima pemasukan tidak sepadan. https://t.co/6YHqmIg0Ip","1753004333350940925","https://pbs.twimg.com/media/GFPrQjJbsAAxRf4.jpg","","in","West Java, Indonesia","1","1","11","https://twitter.com/IdTrimurti/status/1753004333350940925","959268426790273025","IdTrimurti"
"1751128861570633876","Sun Jan 28 06:36:26 +0000 2024","1","@profesor_saham Kepencet Buy Scatter","1751494425409397158","","profesor_saham","en","","0","0","0","https://twitter.com/ichsan_baim/status/1751494425409397158","1650050307819470848","ichsan_baim"
"1750731278629171524","Fri Jan 26 04:57:02 +0000 2024","1","@profesor_saham sell on news","1750744632538091706","","profesor_saham","en","","0","0","0","https://twitter.com/msrrohman/status/1750744632538091706","396483432","msrrohman"
"1752021120625377384","Mon Jan 29 17:29:20 +0000 2024","4","Yg ngerti saham nih. Pada kompak tuh berubah warna jadi merah. Tau kan arti merah? Hahaha https://t.co/A2qjKFG6JC","1752021120625377384","","","in","Indonesia","0","1","3","https://twitter.com/keepitseigi/status/1752021120625377384","1097755422012788737","keepitseigi"
"1752693796616458739","Thu Feb 01 06:57:46 +0000 2024","11","@profesor_saham Tim nyimak","1752949343479611757","","profesor_saham","in","DKI Jakarta, Indonesia","0","1","9","https://twitter.com/pengendisayan9/status/1752949343479611757","1656934308693839874","pengendisayan9"
"1752693796616458739","Thu Feb 01 05:31:32 +0000 2024","0","@mandalaurieann5 @profesor_saham NAMA Beauty","1752927641957454263","","mandalaurieann5","en","Jakarta, Indonesia","0","0","1","https://twitter.com/atieess/status/1752927641957454263","195413758","atieess"
"1750739588212228242","Fri Jan 26 04:36:59 +0000 2024","3","-rek kalo mau invest di saham US pake aplikasi apa ya biasanya?","1750739588212228242","","","in","Kota Surabaya, Jawa Timur","0","2","1","https://twitter.com/sbyfess/status/1750739588212228242","1152437175587241985","sbyfess"
"1750739560425038191","Fri Jan 26 04:36:53 +0000 2024","0","Valuasi Saham Demystified a podcast by Christian CFA Feb 17 2024 at 7.00 PM Join now : https://t.co/f9S3m7jOjs FREE! https://t.co/KLqvCxIDiI","1750739560425038191","https://pbs.twimg.com/media/GEvgMwYaoAAaU7g.jpg","","en","SG","0","0","0","https://twitter.com/axlarry/status/1750739560425038191","14481340","axlarry"
"1752284995761446961","Tue Jan 30 10:57:53 +0000 2024","46","Kerajaan Sarawak akan memuktamadkan penambahan pegangan saham mereka di dalam Affin Bank Berhad dalam masa terdekat. Premier Sarawak Abang Jo berkata pihaknya kini masih lagi berunding bersama pihak Affin Bank dan LTAT. https://t.co/ZGRIeBqLIK","1752284995761446961","https://pbs.twimg.com/media/GFFd6albsAAg4VI.jpg","","in","Kingdom of Headhunters","1","0","26","https://twitter.com/datukhensem/status/1752284995761446961","232130100","datukhensem"
"1751979449250427069","Mon Jan 29 14:43:45 +0000 2024","2","MY STOCKS PICK: MYX (BURSA MALAYSIA) DISCLAIMER: THIS ISN'T A BUY CALL. IT'S MY LISTING. DO YOUR OWN ANALYSIS. TRADE AT YOUR OWN RISK. https://t.co/qS8kWpZrJO #MYX #BME #BursaMalaysia #Bursa #Malaysia #KualaLumpur #stock #equity #saham #exchange #trade #market #syariah https://t.co/pM8vqlgGjU","1751979449250427069","https://pbs.twimg.com/ext_tw_video_thumb/1751978777146789888/pu/img/s-3US08T_JW5FuWn.jpg","","en","","0","0","0","https://twitter.com/niaga_pasar/status/1751979449250427069","1616792622009548801","niaga_pasar"
"1752940369862656098","Thu Feb 01 12:02:40 +0000 2024","0","@Saham_fess UNTD","1753026072751595978","","Saham_fess","en","Bulungan, Kalimantan Utara","0","0","0","https://twitter.com/feega_prynto/status/1753026072751595978","1264860518524674049","feega_prynto"
"1750731278629171524","Fri Jan 26 04:09:40 +0000 2024","2","@profesor_saham Sell in good news","1750732713139785869","","profesor_saham","en","indonesia","0","0","0","https://twitter.com/morethan_lifee/status/1750732713139785869","508371923","morethan_lifee"
"1751128861570633876","Sat Jan 27 17:32:33 +0000 2024","0","@profesor_saham The heck did I just watch","1751297152012476611","","profesor_saham","en","on the bathroom floor","0","0","0","https://twitter.com/xhydarnus/status/1751297152012476611","1333300643755216898","xhydarnus"
"1751927498198401191","Mon Jan 29 11:21:47 +0000 2024","0","@ChaserZHANGHAO Hi hao minta saham perusahaan papa kamu.","1751928621269389621","","ChaserZHANGHAO","in","","0","2","0","https://twitter.com/ChaserROWOON/status/1751928621269389621","885537958979182592","ChaserROWOON"
"1752476665698242722","Tue Jan 30 23:39:31 +0000 2024","0","Thanks to Bumble. https://t.co/cUL0wHEC5x","1752476665698242722","https://pbs.twimg.com/media/GFIMPI_bkAA524h.jpg","","en","","0","0","0","https://twitter.com/SahamReceh/status/1752476665698242722","40460052","SahamReceh"
"1750484084886044892","Thu Jan 25 11:41:42 +0000 2024","4","Sdf! Rekomen saham buat jangka panjang dong slain bbca dan bbri apa ya?","1750484084886044892","","","in","Sidoarjo, Jawa Timur","0","3","0","https://twitter.com/darjofess/status/1750484084886044892","438072886","darjofess"
"1752693796616458739","Thu Feb 01 06:25:36 +0000 2024","20","@profesor_saham masih profesional sih itu https://t.co/vnUE6wTtNm","1752941248066056594","","profesor_saham","in","","0","1","0","https://twitter.com/vesuuya/status/1752941248066056594","1584890517782872064","vesuuya"
"1752152723435536675","Tue Jan 30 02:12:17 +0000 2024","13","Per negatif Pbv tinggi Sahamnya... https://t.co/Ju91Q7PQPv","1752152723435536675","https://pbs.twimg.com/media/GFDlneTbQAA5L19.jpg","","in","Indonesia","2","6","5","https://twitter.com/TradingDiary2/status/1752152723435536675","1260798424393211904","TradingDiary2"
"1752039069586981089","Mon Jan 29 18:40:40 +0000 2024","2","ŸÖŸÜ ÿßŸäŸÅŸäŸÜÿ™ ŸÉÿßÿ±ÿ™Ÿäÿ± https://t.co/RhTQlzoK80","1752039069586981089","https://pbs.twimg.com/ext_tw_video_thumb/1752038947415371776/pu/img/8ORJ3vifFHEra0ZH.jpg","","ar","Kingdom of Saudi Arabia","0","1","0","https://twitter.com/sahamaljomaih/status/1752039069586981089","1738332920345919488","sahamaljomaih"
"1750774995129962761","Fri Jan 26 07:10:34 +0000 2024","0","@profesor_saham bung towel","1750778239566631216","","profesor_saham","en","","0","0","0","https://twitter.com/konglomarket/status/1750778239566631216","1045378647761215494","konglomarket"
